{
  "backprop_used": false,
  "decision": "e56c_three_mode_agency_selector_adversarial_confirmed",
  "gradient_descent_used": false,
  "milestone": "E56C_TEXT_FIELD_MODE_SELECTION_ADVERSARIAL_PROBE",
  "optimizer_used": false,
  "recommended_policy": "three_mode_agency_router",
  "rows": 706560,
  "rows_per_stage": 480,
  "run_id": "99f178f7ba8036c9",
  "seeds": [
    56301,
    56302,
    56303,
    56304,
    56305,
    56306,
    56307,
    56308,
    56309,
    56310,
    56311,
    56312,
    56313,
    56314,
    56315,
    56316,
    56317,
    56318,
    56319,
    56320,
    56321,
    56322,
    56323
  ],
  "three_mode_agency_false_commit_rate": 0.0,
  "three_mode_agency_mode_accuracy": 1.0,
  "three_mode_agency_net_utility": 0.93984375,
  "three_mode_agency_success": 1.0,
  "wall_time_seconds": 71.16142409999156
}
