{
  "task": "grid3_shift_right_bit_1",
  "activation": "c19",
  "neurons": [
    {
      "parents": [
        0,
        1,
        6
      ],
      "weights": [
        1,
        -1,
        -1
      ],
      "threshold": 0,
      "c": 3.0,
      "rho": 2.0,
      "lut": [
        0.0,
        -0.3703703703703704,
        -0.37037037037037035,
        0.0,
        0.962962962962963,
        0.962962962962963,
        0.0
      ],
      "lut_min_dot": -3,
      "alpha": 0.4598966812126782
    },
    {
      "parents": [
        0,
        9
      ],
      "weights": [
        1,
        -1
      ],
      "threshold": 0,
      "c": 3.0,
      "rho": 0.0,
      "lut": [
        -0.6666666666666667,
        -0.6666666666666666,
        0.0,
        0.6666666666666667,
        0.6666666666666667
      ],
      "lut_min_dot": -2,
      "alpha": 0.4215475349281358
    }
  ]
}