{
  "evaluated_library_import": {
    "answer_correct": 0.3813988095238095,
    "avg_steps": 8.14970238095238,
    "bitslip_target_success": 0.0,
    "false_frame_commit_rate": 0.01966087962962963,
    "row_count": 6720,
    "stable_target_success": 0.0,
    "system": "evaluated_library_import",
    "target_world_success": 0.0,
    "trace_exact": 0.2857142857142857,
    "utility": -0.7772014219576721,
    "wrong_confident_answer": 0.6787202380952381,
    "wrong_feature_write_rate": 0.09440542328042327
  },
  "evaluated_library_plus_adapter": {
    "answer_correct": 0.6331845238095238,
    "avg_steps": 7.175892857142857,
    "bitslip_target_success": 0.3651041666666667,
    "false_frame_commit_rate": 0.005081597222222222,
    "row_count": 6720,
    "stable_target_success": 1.0,
    "system": "evaluated_library_plus_adapter",
    "target_world_success": 0.7460416666666667,
    "trace_exact": 0.5328869047619048,
    "utility": 0.8109864583333334,
    "wrong_confident_answer": 0.46711309523809524,
    "wrong_feature_write_rate": 0.0
  },
  "no_library_scratch": {
    "answer_correct": 0.7413690476190476,
    "avg_steps": 5.2525297619047615,
    "bitslip_target_success": 0.9604166666666667,
    "false_frame_commit_rate": 0.0265,
    "row_count": 6720,
    "stable_target_success": 0.9756944444444444,
    "system": "no_library_scratch",
    "target_world_success": 0.9695833333333334,
    "trace_exact": 0.6925595238095238,
    "utility": 1.0781840277777779,
    "wrong_confident_answer": 0.20267857142857143,
    "wrong_feature_write_rate": 0.010121527777777776
  },
  "oracle_invalid_control": {
    "answer_correct": 1.0,
    "avg_steps": 4.0,
    "bitslip_target_success": 1.0,
    "false_frame_commit_rate": 0.0,
    "row_count": 6720,
    "stable_target_success": 1.0,
    "system": "oracle_invalid_control",
    "target_world_success": 1.0,
    "trace_exact": 1.0,
    "utility": 1.27,
    "wrong_confident_answer": 0.0,
    "wrong_feature_write_rate": 0.0
  },
  "random_library_import": {
    "answer_correct": 0.47276785714285713,
    "avg_steps": 7.634821428571429,
    "bitslip_target_success": 0.3328125,
    "false_frame_commit_rate": 0.019536127645502645,
    "row_count": 6720,
    "stable_target_success": 0.49270833333333336,
    "system": "random_library_import",
    "target_world_success": 0.42875,
    "trace_exact": 0.3763392857142857,
    "utility": 0.07710793650793651,
    "wrong_confident_answer": 0.5808035714285714,
    "wrong_feature_write_rate": 0.04981423611111111
  },
  "unfiltered_library_import": {
    "answer_correct": 0.7413690476190476,
    "avg_steps": 5.2525297619047615,
    "bitslip_target_success": 0.9604166666666667,
    "false_frame_commit_rate": 0.0265,
    "row_count": 6720,
    "stable_target_success": 0.9756944444444444,
    "system": "unfiltered_library_import",
    "target_world_success": 0.9695833333333334,
    "trace_exact": 0.6925595238095238,
    "utility": 1.0781840277777779,
    "wrong_confident_answer": 0.20267857142857143,
    "wrong_feature_write_rate": 0.010121527777777776
  },
  "wrong_toxic_pocket_control": {
    "answer_correct": 0.13883928571428572,
    "avg_steps": 9.913541666666667,
    "bitslip_target_success": 0.0,
    "false_frame_commit_rate": 0.019045800264550265,
    "row_count": 6720,
    "stable_target_success": 0.0,
    "system": "wrong_toxic_pocket_control",
    "target_world_success": 0.0,
    "trace_exact": 0.0,
    "utility": -0.755928125,
    "wrong_confident_answer": 0.9726190476190476,
    "wrong_feature_write_rate": 0.0902423115079365
  }
}
