{
  "config_name": "1beings_64d_2layers_traindat_think1",
  "timestamp": "2026-02-21 00:29:47",
  "total_steps": 30,
  "final_loss": 0.9068543910980225,
  "final_bit_acc": 0.3499999940395355,
  "final_oracle": 0.3499999940395355
}