{
  "task": "grid3_shift_right_bit_0",
  "activation": "c19",
  "neurons": [
    {
      "parents": [
        6,
        7,
        8
      ],
      "weights": [
        -1,
        -1,
        1
      ],
      "threshold": 0,
      "c": 3.0,
      "rho": 1.0,
      "lut": [
        0.0,
        -0.5185185185185186,
        -0.5185185185185185,
        0.0,
        0.8148148148148149,
        0.8148148148148149,
        0.0
      ],
      "lut_min_dot": -3,
      "alpha": 0.5229842775913436
    },
    {
      "parents": [
        8,
        9
      ],
      "weights": [
        1,
        -1
      ],
      "threshold": 0,
      "c": 3.0,
      "rho": 0.0,
      "lut": [
        -0.6666666666666667,
        -0.6666666666666666,
        0.0,
        0.6666666666666667,
        0.6666666666666667
      ],
      "lut_min_dot": -2,
      "alpha": 0.4121924053383125
    }
  ]
}