{
  "first_breakpoint": "R0_explicit_controlled_evidence",
  "rungs": {
    "R0_explicit_controlled_evidence": {
      "baseline_action": 1.0,
      "baseline_resolution": 0.5,
      "baseline_trace_bit": 0.8125,
      "baseline_trace_exact": 0.5,
      "capacity_flow_resolution": 1.0,
      "capacity_pockets_resolution": 1.0,
      "oracle_ingress_resolution": 1.0,
      "oracle_span_trace_exact": 0.0
    },
    "R1_final_mixed_canonical": {
      "baseline_action": 0.8863636363636364,
      "baseline_resolution": 0.8863636363636364,
      "baseline_trace_bit": 0.9386363636363636,
      "baseline_trace_exact": 0.7545454545454545,
      "capacity_flow_resolution": 0.8636363636363636,
      "capacity_pockets_resolution": 0.8590909090909091,
      "oracle_ingress_resolution": 0.8681818181818182,
      "oracle_span_trace_exact": 0.8863636363636364
    },
    "R2_naturalized_text_canonical": {
      "baseline_action": 0.9181818181818182,
      "baseline_resolution": 0.9181818181818182,
      "baseline_trace_bit": 0.9375,
      "baseline_trace_exact": 0.75,
      "capacity_flow_resolution": 0.85,
      "capacity_pockets_resolution": 0.8727272727272727,
      "oracle_ingress_resolution": 0.85,
      "oracle_span_trace_exact": 0.9090909090909091
    },
    "R3_paraphrase_variation": {
      "baseline_action": 0.8681818181818182,
      "baseline_resolution": 0.8681818181818182,
      "baseline_trace_bit": 0.9215909090909091,
      "baseline_trace_exact": 0.6272727272727273,
      "capacity_flow_resolution": 0.9181818181818182,
      "capacity_pockets_resolution": 0.9090909090909091,
      "oracle_ingress_resolution": 0.9045454545454545,
      "oracle_span_trace_exact": 0.7454545454545455
    },
    "R4_decoy_density": {
      "baseline_action": 0.8363636363636363,
      "baseline_resolution": 0.8363636363636363,
      "baseline_trace_bit": 0.8954545454545455,
      "baseline_trace_exact": 0.38636363636363635,
      "capacity_flow_resolution": 0.85,
      "capacity_pockets_resolution": 0.85,
      "oracle_ingress_resolution": 0.8363636363636363,
      "oracle_span_trace_exact": 0.740909090909091
    },
    "R5_temporal_disorder": {
      "baseline_action": 0.8409090909090909,
      "baseline_resolution": 0.8409090909090909,
      "baseline_trace_bit": 1.0,
      "baseline_trace_exact": 1.0,
      "capacity_flow_resolution": 0.8227272727272728,
      "capacity_pockets_resolution": 0.8545454545454545,
      "oracle_ingress_resolution": 0.8363636363636363,
      "oracle_span_trace_exact": 1.0
    },
    "R6_unresolved_answerable_minimal_pairs": {
      "baseline_action": 0.7272727272727273,
      "baseline_resolution": 0.7272727272727273,
      "baseline_trace_bit": 1.0,
      "baseline_trace_exact": 1.0,
      "capacity_flow_resolution": 0.7727272727272727,
      "capacity_pockets_resolution": 0.75,
      "oracle_ingress_resolution": 0.7681818181818182,
      "oracle_span_trace_exact": 1.0
    },
    "R7_long_context_evidence_span": {
      "baseline_action": 0.8681818181818182,
      "baseline_resolution": 0.8681818181818182,
      "baseline_trace_bit": 0.9170454545454545,
      "baseline_trace_exact": 0.36818181818181817,
      "capacity_flow_resolution": 0.8454545454545455,
      "capacity_pockets_resolution": 0.8590909090909091,
      "oracle_ingress_resolution": 0.8636363636363636,
      "oracle_span_trace_exact": 0.9454545454545454
    },
    "R8_indirect_implication_language": {
      "baseline_action": 0.8363636363636363,
      "baseline_resolution": 0.8363636363636363,
      "baseline_trace_bit": 0.9988636363636364,
      "baseline_trace_exact": 0.990909090909091,
      "capacity_flow_resolution": 0.8545454545454545,
      "capacity_pockets_resolution": 0.8181818181818182,
      "oracle_ingress_resolution": 0.8545454545454545,
      "oracle_span_trace_exact": 1.0
    },
    "R9_mined_real_text_weak_labels": {
      "baseline_action": 0.2590909090909091,
      "baseline_resolution": 0.19090909090909092,
      "baseline_trace_bit": 0.6857954545454545,
      "baseline_trace_exact": 0.09545454545454546,
      "capacity_flow_resolution": 0.2909090909090909,
      "capacity_pockets_resolution": 0.2863636363636364,
      "oracle_ingress_resolution": 0.17272727272727273,
      "oracle_span_trace_exact": 0.0
    }
  }
}
