{
  "task": "grid3_copy_bit_7",
  "activation": "c19",
  "neurons": [
    {
      "parents": [
        1,
        6,
        7
      ],
      "weights": [
        -1,
        -1,
        1
      ],
      "threshold": 0,
      "c": 3.0,
      "rho": 1.0,
      "lut": [
        0.0,
        -0.5185185185185186,
        -0.5185185185185185,
        0.0,
        0.8148148148148149,
        0.8148148148148149,
        0.0
      ],
      "lut_min_dot": -3,
      "alpha": 0.4476920235274204
    },
    {
      "parents": [
        7,
        9
      ],
      "weights": [
        1,
        -1
      ],
      "threshold": 0,
      "c": 3.0,
      "rho": 0.0,
      "lut": [
        -0.6666666666666667,
        -0.6666666666666666,
        0.0,
        0.6666666666666667,
        0.6666666666666667
      ],
      "lut_min_dot": -2,
      "alpha": 0.41122164222993246
    }
  ]
}