{
  "backprop_used": false,
  "decision": "e57_multi_resolution_egress_renderer_confirmed",
  "gradient_descent_used": false,
  "milestone": "E57_OUTPUT_EGRESS_FIELD_MULTI_RESOLUTION_RENDERER_PROBE",
  "multi_renderer_false_output_rate": 0.0,
  "multi_renderer_mode_accuracy": 1.0,
  "multi_renderer_multires_write_success": 1.0,
  "multi_renderer_net_utility": 0.9705661231884057,
  "multi_renderer_success": 1.0,
  "optimizer_used": false,
  "recommended_policy": "agency_committed_multi_resolution_renderer",
  "rows": 794880,
  "rows_per_stage": 480,
  "run_id": "c9cf7513a1881079",
  "seeds": [
    57001,
    57002,
    57003,
    57004,
    57005,
    57006,
    57007,
    57008,
    57009,
    57010,
    57011,
    57012,
    57013,
    57014,
    57015,
    57016,
    57017,
    57018,
    57019,
    57020,
    57021,
    57022,
    57023
  ],
  "wall_time_seconds": 124.7282124000194
}
