{
  "task": "grid3_center",
  "activation": "c19",
  "neurons": [
    {
      "parents": [
        0,
        1,
        4
      ],
      "weights": [
        -1,
        -1,
        1
      ],
      "threshold": 0,
      "c": 2.5,
      "rho": 2.0,
      "lut": [
        0.5279999999999998,
        -0.27199999999999996,
        -0.312,
        0.0,
        0.8879999999999999,
        0.5279999999999998,
        -0.27199999999999996
      ],
      "lut_min_dot": -3,
      "alpha": 0.37688590118818965
    },
    {
      "parents": [
        0,
        4,
        9
      ],
      "weights": [
        -1,
        -1,
        -1
      ],
      "threshold": 0,
      "c": 1.5,
      "rho": 1.0,
      "lut": [
        0.0,
        0.4074074074074074,
        -0.2592592592592593,
        0.0,
        0.40740740740740744,
        -0.25925925925925924,
        0.0
      ],
      "lut_min_dot": -3,
      "alpha": 0.770222520473575
    }
  ]
}