{
  "cheap_spam_proposer": {
    "accepted_rate": 0.0,
    "adversarial_survival": 0.020000000000000014,
    "call_count": 800,
    "cost": 0.019999999999999685,
    "counterfactual_gain": -0.07999999999999874,
    "deferred_rate": 0.0,
    "delayed_score": 0.09999999999999966,
    "downstream_harm": 0.555999999999997,
    "expected_lifecycle": "banned",
    "family_count": 5,
    "final_answer_correlation": 0.5011731437499997,
    "immediate_score": 0.219999999999999,
    "novelty_score": 0.07999999999999874,
    "ood_survival": 0.09999999999999974,
    "pocket_id": "cheap_spam_proposer",
    "rejected_rate": 1.0,
    "reuse_score": 1.0,
    "split_count": 5,
    "trace_mismatch_rate": 0.12400000000000057,
    "wrong_commit_delta": 0.19460000000000202
  },
  "credit_hijacker_shadow": {
    "accepted_rate": 1.0,
    "adversarial_survival": 0.7199999999999991,
    "call_count": 764,
    "cost": 0.03999999999999938,
    "counterfactual_gain": 0.0,
    "deferred_rate": 0.0,
    "delayed_score": 0.7599999999999935,
    "downstream_harm": 0.0,
    "expected_lifecycle": "deprecated",
    "family_count": 5,
    "final_answer_correlation": 0.9099108350785333,
    "immediate_score": 0.7599999999999935,
    "novelty_score": 0.049999999999999954,
    "ood_survival": 0.75,
    "pocket_id": "credit_hijacker_shadow",
    "rejected_rate": 0.0,
    "reuse_score": 0.9199999999999927,
    "split_count": 5,
    "trace_mismatch_rate": 0.0,
    "wrong_commit_delta": 0.0
  },
  "delayed_poison_cache": {
    "accepted_rate": 0.7976878612716763,
    "adversarial_survival": 0.05999999999999989,
    "call_count": 519,
    "cost": 0.10000000000000091,
    "counterfactual_gain": -0.21999999999999909,
    "deferred_rate": 0.0,
    "delayed_score": 0.11999999999999893,
    "downstream_harm": 0.47641618497109783,
    "expected_lifecycle": "quarantine",
    "family_count": 5,
    "final_answer_correlation": 0.7611212177263982,
    "immediate_score": 0.8199999999999943,
    "novelty_score": 0.40000000000000363,
    "ood_survival": 0.1999999999999996,
    "pocket_id": "delayed_poison_cache",
    "rejected_rate": 0.2023121387283237,
    "reuse_score": 0.6999999999999933,
    "split_count": 5,
    "trace_mismatch_rate": 0.30427745664740075,
    "wrong_commit_delta": 0.3948843930635851
  },
  "expensive_unique_solver": {
    "accepted_rate": 1.0,
    "adversarial_survival": 0.66,
    "call_count": 234,
    "cost": 0.780000000000001,
    "counterfactual_gain": 0.5499999999999982,
    "deferred_rate": 0.0,
    "delayed_score": 0.8600000000000046,
    "downstream_harm": 0.0,
    "expected_lifecycle": "specialist",
    "family_count": 5,
    "final_answer_correlation": 0.8894417350427347,
    "immediate_score": 0.8799999999999972,
    "novelty_score": 0.9199999999999958,
    "ood_survival": 0.7399999999999993,
    "pocket_id": "expensive_unique_solver",
    "rejected_rate": 0.0,
    "reuse_score": 0.4200000000000014,
    "split_count": 5,
    "trace_mismatch_rate": 0.0,
    "wrong_commit_delta": 0.0
  },
  "general_evidence_lens": {
    "accepted_rate": 1.0,
    "adversarial_survival": 0.8199999999999967,
    "call_count": 800,
    "cost": 0.12000000000000076,
    "counterfactual_gain": 0.4199999999999996,
    "deferred_rate": 0.0,
    "delayed_score": 0.879999999999996,
    "downstream_harm": 0.0,
    "expected_lifecycle": "core",
    "family_count": 5,
    "final_answer_correlation": 0.8995828675000006,
    "immediate_score": 0.860000000000011,
    "novelty_score": 0.5500000000000075,
    "ood_survival": 0.8799999999999981,
    "pocket_id": "general_evidence_lens",
    "rejected_rate": 0.0,
    "reuse_score": 0.9500000000000095,
    "split_count": 5,
    "trace_mismatch_rate": 0.0,
    "wrong_commit_delta": 0.0
  },
  "rare_safe_fallback": {
    "accepted_rate": 0.8324873096446701,
    "adversarial_survival": 0.5199999999999997,
    "call_count": 197,
    "cost": 0.2199999999999994,
    "counterfactual_gain": 0.19015228426395922,
    "deferred_rate": 0.16751269035532995,
    "delayed_score": 0.6168527918781711,
    "downstream_harm": 0.0,
    "expected_lifecycle": "active",
    "family_count": 5,
    "final_answer_correlation": 0.5497417766497462,
    "immediate_score": 0.5602030456852788,
    "novelty_score": 0.4500000000000016,
    "ood_survival": 0.5399999999999995,
    "pocket_id": "rare_safe_fallback",
    "rejected_rate": 0.0,
    "reuse_score": 0.35000000000000053,
    "split_count": 5,
    "trace_mismatch_rate": 0.0,
    "wrong_commit_delta": 0.0
  },
  "redundant_clone": {
    "accepted_rate": 1.0,
    "adversarial_survival": 0.6800000000000004,
    "call_count": 549,
    "cost": 0.18000000000000224,
    "counterfactual_gain": 0.019999999999999737,
    "deferred_rate": 0.0,
    "delayed_score": 0.720000000000009,
    "downstream_harm": 0.0,
    "expected_lifecycle": "deprecated",
    "family_count": 5,
    "final_answer_correlation": 0.7805292604735888,
    "immediate_score": 0.6999999999999931,
    "novelty_score": 0.039999999999999473,
    "ood_survival": 0.7000000000000015,
    "pocket_id": "redundant_clone",
    "rejected_rate": 0.0,
    "reuse_score": 0.6600000000000052,
    "split_count": 5,
    "trace_mismatch_rate": 0.0,
    "wrong_commit_delta": 0.0
  },
  "safe_domain_specialist": {
    "accepted_rate": 1.0,
    "adversarial_survival": 0.5799999999999991,
    "call_count": 333,
    "cost": 0.1599999999999987,
    "counterfactual_gain": 0.18378378378378274,
    "deferred_rate": 0.0,
    "delayed_score": 0.6108708708708709,
    "downstream_harm": 0.0,
    "expected_lifecycle": "specialist",
    "family_count": 5,
    "final_answer_correlation": 0.7008559099099102,
    "immediate_score": 0.5850450450450457,
    "novelty_score": 0.7199999999999991,
    "ood_survival": 0.6199999999999999,
    "pocket_id": "safe_domain_specialist",
    "rejected_rate": 0.0,
    "reuse_score": 0.37999999999999834,
    "split_count": 5,
    "trace_mismatch_rate": 0.0,
    "wrong_commit_delta": 0.0
  },
  "stale_trace_helper": {
    "accepted_rate": 0.0,
    "adversarial_survival": 0.08000000000000006,
    "call_count": 478,
    "cost": 0.14000000000000049,
    "counterfactual_gain": -0.10000000000000085,
    "deferred_rate": 0.0,
    "delayed_score": 0.18000000000000155,
    "downstream_harm": 0.36594142259414014,
    "expected_lifecycle": "quarantine",
    "family_count": 5,
    "final_answer_correlation": 0.6501762280334731,
    "immediate_score": 0.6800000000000054,
    "novelty_score": 0.34999999999999687,
    "ood_survival": 0.2399999999999998,
    "pocket_id": "stale_trace_helper",
    "rejected_rate": 1.0,
    "reuse_score": 0.580000000000004,
    "split_count": 5,
    "trace_mismatch_rate": 0.47062761506276085,
    "wrong_commit_delta": 0.12807949790794887
  },
  "train_overfit_shortcut": {
    "accepted_rate": 0.396969696969697,
    "adversarial_survival": 0.049999999999999885,
    "call_count": 660,
    "cost": 0.07999999999999884,
    "counterfactual_gain": -0.21236363636363748,
    "deferred_rate": 0.0,
    "delayed_score": 0.1190909090909085,
    "downstream_harm": 0.5160606060606086,
    "expected_lifecycle": "quarantine",
    "family_count": 5,
    "final_answer_correlation": 0.8200055287878792,
    "immediate_score": 0.6990909090909002,
    "novelty_score": 0.3000000000000027,
    "ood_survival": 0.1799999999999998,
    "pocket_id": "train_overfit_shortcut",
    "rejected_rate": 0.603030303030303,
    "reuse_score": 0.8000000000000064,
    "split_count": 5,
    "trace_mismatch_rate": 0.10363636363636336,
    "wrong_commit_delta": 0.2735121212121175
  },
  "unresolved_defer_guard": {
    "accepted_rate": 0.7938808373590982,
    "adversarial_survival": 0.9000000000000017,
    "call_count": 621,
    "cost": 0.09000000000000138,
    "counterfactual_gain": 0.42057971014492396,
    "deferred_rate": 0.20611916264090177,
    "delayed_score": 0.9524637681159415,
    "downstream_harm": 0.0,
    "expected_lifecycle": "core",
    "family_count": 5,