{
  "P1": {
    "accepted_mutations_per_sec_mean": 50.241814276576434,
    "accepted_rate_mean": 0.03472222222222222,
    "best_score_max": 0.3263020833333333,
    "best_score_mean": 0.29192708333333334,
    "candidate_eval_per_sec_mean": 2902.1237645319566,
    "candidate_eval_per_sec_min": 2704.38228596883,
    "capacity_units": 144,
    "latency_p50_seconds_mean": 0.0003689666652159455,
    "latency_p95_seconds_mean": 0.0004916833374106014,
    "param_count": 3792,
    "profile": {
      "D": 64,
      "K": 16,
      "M": 32,
      "R": 32
    },
    "profile_id": "P1",
    "seed_count": 6,
    "wall_time_seconds_total": 1.793865600018762
  },
  "P2": {
    "accepted_mutations_per_sec_mean": 31.90652205698059,
    "accepted_rate_mean": 0.03472222222222222,
    "best_score_max": 0.36223958333333334,
    "best_score_mean": 0.31536458333333334,
    "candidate_eval_per_sec_mean": 1819.2391193197088,
    "candidate_eval_per_sec_min": 1712.301342897672,
    "capacity_units": 288,
    "latency_p50_seconds_mean": 0.0007166499975331438,
    "latency_p95_seconds_mean": 0.0010564666687666129,
    "param_count": 14752,
    "profile": {
      "D": 128,
      "K": 32,
      "M": 64,
      "R": 64
    },
    "profile_id": "P2",
    "seed_count": 6,
    "wall_time_seconds_total": 2.8614346999820555
  },
  "P3": {
    "accepted_mutations_per_sec_mean": 9.365974074668497,
    "accepted_rate_mean": 0.02199074074074074,
    "best_score_max": 0.31614583333333335,
    "best_score_mean": 0.2869791666666667,
    "candidate_eval_per_sec_mean": 853.0231631845176,
    "candidate_eval_per_sec_min": 781.8546169313627,
    "capacity_units": 576,
    "latency_p50_seconds_mean": 0.0017218666689586826,
    "latency_p95_seconds_mean": 0.002921133336106626,
    "param_count": 58176,
    "profile": {
      "D": 256,
      "K": 64,
      "M": 128,
      "R": 128
    },
    "profile_id": "P3",
    "seed_count": 6,
    "wall_time_seconds_total": 6.105531499997596
  },
  "P4": {
    "accepted_mutations_per_sec_mean": 5.15042709386282,
    "accepted_rate_mean": 0.0320216049382716,
    "best_score_max": 0.31927083333333334,
    "best_score_mean": 0.2961371527777778,
    "candidate_eval_per_sec_mean": 323.80202122880587,
    "candidate_eval_per_sec_min": 312.83887114818765,
    "capacity_units": 1152,
    "latency_p50_seconds_mean": 0.0051365000011476996,
    "latency_p95_seconds_mean": 0.007185516667959746,
    "param_count": 231040,
    "profile": {
      "D": 512,
      "K": 128,
      "M": 256,
      "R": 256
    },
    "profile_id": "P4",
    "seed_count": 6,
    "wall_time_seconds_total": 16.0573388000048
  },
  "P5": {
    "accepted_mutations_per_sec_mean": 3.1884928148946314,
    "accepted_rate_mean": 0.03587962962962963,
    "best_score_max": 0.34635416666666674,
    "best_score_mean": 0.3140625,
    "candidate_eval_per_sec_mean": 178.05399697404687,
    "candidate_eval_per_sec_min": 175.41948450241185,
    "capacity_units": 1728,
    "latency_p50_seconds_mean": 0.009712633332431627,
    "latency_p95_seconds_mean": 0.012018033332424238,
    "param_count": 518592,
    "profile": {
      "D": 768,
      "K": 192,
      "M": 384,
      "R": 384
    },
    "profile_id": "P5",
    "seed_count": 6,
    "wall_time_seconds_total": 29.186381899999105
  },
  "P6": {
    "accepted_mutations_per_sec_mean": 1.7230780156309622,
    "accepted_rate_mean": 0.02932098765432099,
    "best_score_max": 0.32005208333333335,
    "best_score_mean": 0.2950520833333334,
    "candidate_eval_per_sec_mean": 117.89272572507878,
    "candidate_eval_per_sec_min": 115.1374839943726,
    "capacity_units": 2304,
    "latency_p50_seconds_mean": 0.01469218333174164,
    "latency_p95_seconds_mean": 0.01889998333596547,
    "param_count": 920832,
    "profile": {
      "D": 1024,
      "K": 256,
      "M": 512,
      "R": 512
    },
    "profile_id": "P6",
    "seed_count": 6,
    "wall_time_seconds_total": 44.09334159997525
  }
}
