{
  "passed": true,
  "rounds": 1000000,
  "cases": 8000001,
  "success": 8000001,
  "unsafe_load": 0,
  "allowed_success": 2000000,
  "alias_rename_survival": 1000000,
  "digest_mismatch_block": 1000000,
  "token_swap_block": 1000000,
  "lifecycle_block": 1000000,
  "stale_token_block": 1000000,
  "abi_mismatch_block": 1000000,
  "capability_mismatch_block": 1000000,
  "active_set_success": 1,
  "active_set_reduction": 0.400000,
  "seconds": 0.262724200,
  "rows_per_sec": 30450186.926
}
