{
  "task": "grid3_shift_right_bit_3",
  "activation": "c19",
  "neurons": [
    {
      "parents": [
        0,
        2,
        4
      ],
      "weights": [
        -1,
        1,
        -1
      ],
      "threshold": 0,
      "c": 3.0,
      "rho": 1.0,
      "lut": [
        0.0,
        -0.5185185185185186,
        -0.5185185185185185,
        0.0,
        0.8148148148148149,
        0.8148148148148149,
        0.0
      ],
      "lut_min_dot": -3,
      "alpha": 0.4598966812126782
    },
    {
      "parents": [
        0,
        2,
        9
      ],
      "weights": [
        -1,
        -1,
        -1
      ],
      "threshold": 0,
      "c": 1.5,
      "rho": 0.0,
      "lut": [
        0.0,
        0.3333333333333333,
        -0.33333333333333337,
        0.0,
        0.33333333333333337,
        -0.3333333333333333,
        0.0
      ],
      "lut_min_dot": -3,
      "alpha": 0.7220966802065389
    }
  ]
}