{
  "curriculum_staged_final": {
    "activation_by_skill": {
      "binding": [
        0.0,
        0.0,
        0.0,
        0.0,
        0.0,
        0.0,
        0.0,
        0.0
      ],
      "contradiction": [
        0.18102691553050665,
        0.1658676116586589,
        0.0394923175490803,
        0.05211041578285986,
        0.04525481984555293,
        0.1648409937461503,
        0.1919674725412465,
        0.15943945151010006
      ],
      "decoy": [
        0.17342028820665303,
        0.1511654939085568,
        0.051796928841607234,
        0.06690888508939141,
        0.05478866112549598,
        0.1571953081751128,
        0.19524673950801258,
        0.14947769425083154
      ],
      "rule": [
        0.0,
        0.0,
        0.0,
        0.0,
        0.0,
        0.0,
        0.0,
        0.0
      ],
      "temporal": [
        0.1874460629864698,
        0.1700255353692618,
        0.030633169268149234,
        0.04227061786720633,
        0.03502517387177294,
        0.16849525730314546,
        0.20117684840299924,
        0.16492733477048
      ],
      "unresolved": [
        0.19160305122329607,
        0.1769064154821573,
        0.025719295313447407,
        0.035721164081514496,
        0.03044235544388032,
        0.17176128365739515,
        0.19748637832931637,
        0.17036005537124843
      ]
    },
    "mean_activation": [
      0.18247873046036278,
      0.16431004153121084,
      0.0382269958782542,
      0.05088917311125745,
      0.0424413722984138,
      0.16472999336464064,
      0.19705814982631376,
      0.1598655426874757
    ],
    "pocket_count": 8,
    "pocket_specialization_score": 0.2911147129323441,
    "pocket_specialization_scores": [
      0.26121883169038634,
      0.26643934612519204,
      0.3508285599001947,
      0.3396199042781408,
      0.3310272895476242,
      0.2593434090424688,
      0.2559901054226777,
      0.264450257452068
    ],
    "system": "curriculum_staged_final"
  },
  "monolith_direct_final": {
    "activation_by_skill": {
      "binding": [
        0.0,
        0.0,
        0.0,
        0.0,
        0.0,
        0.0,
        0.0,
        0.0
      ],
      "contradiction": [
        0.08357364920189055,
        0.13319501010098045,
        0.1311732855149739,
        0.33645674414771926,
        0.12038300462442336,
        0.042716920844835346,
        0.09315301869198572,
        0.05934836986146385
      ],
      "decoy": [
        0.01325418430108187,
        0.015529426250990063,
        0.4983908239254452,
        0.021314526301227,
        0.06101539917290211,
        0.013049465264546742,
        0.3560982993148294,
        0.021347875762327377
      ],
      "rule": [
        0.0,
        0.0,
        0.0,
        0.0,
        0.0,
        0.0,
        0.0,
        0.0
      ],
      "temporal": [
        0.029938476645058318,
        0.03813985903384549,
        0.4163246560353565,
        0.06276479587493936,
        0.09468368781961273,
        0.024060262360441193,
        0.2970208620896673,
        0.03706740033169088
      ],
      "unresolved": [
        0.13159479449192682,
        0.17011292411904155,
        0.057958825347349814,
        0.3109106887451972,
        0.10525925984906986,
        0.08749698788644522,
        0.05424078967409445,
        0.0824257276209769
      ]
    },
    "mean_activation": [
      0.05092030313653162,
      0.06927278413786553,
      0.3341271079854951,
      0.1373679905780591,
      0.08966563402320303,
      0.03450470081020501,
      0.2407140994023177,
      0.04342738018825739
    ],
    "pocket_count": 8,
    "pocket_specialization_score": 0.44906913812686994,
    "pocket_specialization_scores": [
      0.5093444490234412,
      0.47653719852206633,
      0.4515032945388786,
      0.459988019382138,
      0.31568305970918037,
      0.5229206691405215,
      0.4448376388166271,
      0.4117387758821062
    ],
    "system": "monolith_direct_final"
  },
  "random_order_curriculum_control": {
    "activation_by_skill": {
      "binding": [
        0.0,
        0.0,
        0.0,
        0.0,
        0.0,
        0.0,
        0.0,
        0.0
      ],
      "contradiction": [
        0.1391776616303183,
        0.10297528048642247,
        0.14391798879817236,
        0.12276365053203465,
        0.13605074123512928,
        0.1195808490671271,
        0.13280905509809796,
        0.1027247737155115
      ],
      "decoy": [
        0.07908389756341704,
        0.16006258022483935,
        0.0884730019455352,
        0.15116018067628467,
        0.11481665697500164,
        0.16086861284093307,
        0.12226160353432924,
        0.12327346609172408
      ],
      "rule": [
        0.0,
        0.0,
        0.0,
        0.0,
        0.0,
        0.0,
        0.0,
        0.0
      ],
      "temporal": [
        0.09731844451472405,
        0.13996041294595282,
        0.1049475259476975,
        0.14275877068029913,
        0.12253968727973891,
        0.14816315209951178,
        0.12748539114715382,
        0.1168266161473692
      ],
      "unresolved": [
        0.1298423999363614,
        0.10883646358534232,
        0.13735623698668792,
        0.12762137522914566,
        0.13531608439188234,
        0.1226001552392527,
        0.1324838826439225,
        0.1059433986589671
      ]
    },
    "mean_activation": [
      0.10386570307115714,
      0.13507807043691475,
      0.11157719099982863,
      0.13959850619236627,
      0.12444173833355307,
      0.14319536217177908,
      0.12750953475811652,
      0.11473389375688774
    ],
    "pocket_count": 8,
    "pocket_specialization_score": 0.2872391740253527,
    "pocket_specialization_scores": [
      0.31246219429343836,
      0.31272316741758416,
      0.30318007031476096,
      0.2777127984195862,
      0.26743570823942026,
      0.2918448588568502,
      0.25786166612978784,
      0.2746929285313935
    ],
    "system": "random_order_curriculum_control"
  },
  "random_static_control": {
    "pocket_count": 0,
    "pocket_specialization_score": 0.0,
    "system": "random_static_control"
  },
  "reverse_curriculum_control": {
    "activation_by_skill": {
      "binding": [
        0.0,
        0.0,
        0.0,
        0.0,
        0.0,
        0.0,
        0.0,
        0.0
      ],
      "contradiction": [
        0.06123661484381707,
        0.13512993936272835,
        0.26027608662843704,
        0.23799584650521655,
        0.09788696122148054,
        0.08450181238192449,
        0.06456657397232467,
        0.05840616525827552
      ],
      "decoy": [
        0.06266900515755376,
        0.1282612991784884,
        0.2666877985323379,
        0.2554992783532246,
        0.08870006976682787,
        0.0776013535336467,
        0.061114722519897816,
        0.059466474222200874
      ],
      "rule": [
        0.0,
        0.0,
        0.0,
        0.0,
        0.0,
        0.0,
        0.0,
        0.0
      ],
      "temporal": [
        0.05877635981787257,
        0.13387124981443588,
        0.2668627394058974,
        0.243003098899415,
        0.0957528183527652,
        0.08269732858805083,
        0.06288497394061174,
        0.05615143114751074
      ],
      "unresolved": [
        0.06523868554236553,
        0.12350445110158823,
        0.26677491682296767,
        0.26713551058597174,
        0.08313688966109581,
        0.0715508489162242,
        0.05886124576285123,
        0.06379745375761871
      ]
    },
    "mean_activation": [
      0.06158648672336269,
      0.13043390732435953,
      0.2656999042346364,
      0.2504753602402551,
      0.09159498130015674,
      0.07938473973689335,
      0.06188251002514292,
      0.05894211122233953
    ],
    "pocket_count": 8,
    "pocket_specialization_score": 0.263070674467599,