{
  "task": "grid3_copy_bit_3",
  "activation": "c19",
  "neurons": [
    {
      "parents": [
        1,
        3,
        6
      ],
      "weights": [
        -1,
        1,
        -1
      ],
      "threshold": 0,
      "c": 3.0,
      "rho": 2.0,
      "lut": [
        0.0,
        -0.3703703703703704,
        -0.37037037037037035,
        0.0,
        0.962962962962963,
        0.962962962962963,
        0.0
      ],
      "lut_min_dot": -3,
      "alpha": 0.5100703366133069
    },
    {
      "parents": [
        1,
        3,
        9
      ],
      "weights": [
        -1,
        -1,
        -1
      ],
      "threshold": 0,
      "c": 1.5,
      "rho": 1.0,
      "lut": [
        0.0,
        0.4074074074074074,
        -0.2592592592592593,
        0.0,
        0.40740740740740744,
        -0.25925925925925924,
        0.0
      ],
      "lut_min_dot": -3,
      "alpha": 0.8243828775267228
    }
  ]
}