{
  "baseline_heldout_resolution": 0.7477272727272727,
  "baseline_heldout_trace_exact": 0.6722727272727272,
  "systems": {
    "baseline_d96_p8": {
      "resolution_delta": 0.0,
      "trace_bit_delta": 0.0,
      "trace_exact_delta": 0.0,
      "wrong_confident_delta": 0.0
    },
    "capacity_flow_d192_p8": {
      "resolution_delta": 0.06272727272727274,
      "trace_bit_delta": 0.0603977272727273,
      "trace_exact_delta": 0.26636363636363636,
      "wrong_confident_delta": -0.010763209393346379
    },
    "combined_capacity_aux_d192_p8": {
      "resolution_delta": 0.05409090909090908,
      "trace_bit_delta": 0.058409090909090855,
      "trace_exact_delta": 0.24545454545454548,
      "wrong_confident_delta": 0.015166340508806261
    },
    "ingress_event_aux_d96_p8": {
      "resolution_delta": 0.0663636363636364,
      "trace_bit_delta": 0.04659090909090913,
      "trace_exact_delta": 0.1813636363636364,
      "wrong_confident_delta": -0.0014677103718199608
    },
    "random_static_control": {
      "resolution_delta": -0.7477272727272727,
      "trace_bit_delta": -0.9122159090909091,
      "trace_exact_delta": -0.6722727272727272,
      "wrong_confident_delta": 0.20499021526418787
    },
    "span_bucket_aux_d96_p8": {
      "resolution_delta": 0.05500000000000005,
      "trace_bit_delta": 0.011363636363636354,
      "trace_exact_delta": 0.06272727272727274,
      "wrong_confident_delta": 0.03277886497064579
    },
    "trace_ledger_weighted_d192_p8": {
      "resolution_delta": 0.06181818181818188,
      "trace_bit_delta": 0.06130681818181816,
      "trace_exact_delta": 0.2727272727272727,
      "wrong_confident_delta": 0.008806262230919765
    },
    "trace_ledger_weighted_d96_p8": {
      "resolution_delta": 0.030000000000000027,
      "trace_bit_delta": 0.02755681818181821,
      "trace_exact_delta": 0.10863636363636364,
      "wrong_confident_delta": 0.01614481409001957
    }
  }
}
