{
  "decision": "e39b_router_discovers_location_and_scale_confirmed",
  "milestone": "E39B_ROUTER_DISCOVERS_LOCATION_AND_SCALE_PROBE",
  "run_id": "400f94647cf92ed9",
  "system_results": {
    "full_flow_painter_control": {
      "cell_accuracy": 1.0,
      "changed_spread_ratio": 0.051915147569444445,
      "exact_rate": 1.0,
      "illegal_write_count_mean": 235.99444444444444,
      "missed_target_write_count_mean": 0.0,
      "read_spread_ratio": 1.0,
      "row_count": 720,
      "scan_cell_count_mean": 256.0,
      "write_spread_ratio": 1.0
    },
    "mutated_location_plus_scale_router": {
      "cell_accuracy": 0.9998589409722223,
      "changed_spread_ratio": 0.05192599826388889,
      "exact_rate": 0.9972222222222222,
      "illegal_write_count_mean": 0.027777777777777776,
      "missed_target_write_count_mean": 0.027777777777777776,
      "read_spread_ratio": 0.45793728298611114,
      "row_count": 720,
      "scan_cell_count_mean": 99.6986111111111,
      "write_spread_ratio": 0.07814670138888889
    },
    "mutated_location_router": {
      "cell_accuracy": 0.9683322482638889,
      "changed_spread_ratio": 0.04202473958333333,
      "exact_rate": 0.32222222222222224,
      "illegal_write_count_mean": 4.052777777777778,
      "missed_target_write_count_mean": 8.058333333333334,
      "read_spread_ratio": 0.4798665364583333,
      "row_count": 720,
      "scan_cell_count_mean": 111.56111111111112,
      "write_spread_ratio": 0.0625
    },
    "oracle_location_scale_reference": {
      "cell_accuracy": 1.0,
      "changed_spread_ratio": 0.051915147569444445,
      "exact_rate": 1.0,
      "illegal_write_count_mean": 0.0,
      "missed_target_write_count_mean": 0.0,
      "read_spread_ratio": 0.07814670138888889,
      "row_count": 720,
      "scan_cell_count_mean": 0.0,
      "write_spread_ratio": 0.07814670138888889
    },
    "origin_bound_router": {
      "cell_accuracy": 0.9480848524305555,
      "changed_spread_ratio": 0.0,
      "exact_rate": 0.008333333333333333,
      "illegal_write_count_mean": 13.73611111111111,
      "missed_target_write_count_mean": 17.741666666666667,
      "read_spread_ratio": 0.0625,
      "row_count": 720,
      "scan_cell_count_mean": 0.0,
      "write_spread_ratio": 0.0625
    },
    "random_location_scale_control": {
      "cell_accuracy": 0.9480848524305555,
      "changed_spread_ratio": 0.0,
      "exact_rate": 0.008333333333333333,
      "illegal_write_count_mean": 16.9,
      "missed_target_write_count_mean": 18.3,
      "read_spread_ratio": 0.07267795138888888,
      "row_count": 720,
      "scan_cell_count_mean": 0.0,
      "write_spread_ratio": 0.07267795138888888
    },
    "scan_all_windows_control": {
      "cell_accuracy": 0.9998589409722223,
      "changed_spread_ratio": 0.05192599826388889,
      "exact_rate": 0.9972222222222222,
      "illegal_write_count_mean": 0.027777777777777776,
      "missed_target_write_count_mean": 0.027777777777777776,
      "read_spread_ratio": 1.0,
      "row_count": 720,
      "scan_cell_count_mean": 263.97222222222223,
      "write_spread_ratio": 0.07814670138888889
    }
  },
  "wall_time_seconds": 69.9954643999954
}
