{
  "frozen_import_pocket": {
    "accepted_flow_write_accuracy": 0.7433862433862434,
    "answer_correct": 0.45396825396825397,
    "avg_steps": 8.052380952380952,
    "binary_ingress_accuracy": 0.47661659108087684,
    "bitslip_target_false_frame_commit_rate": 0.008950617283950616,
    "bitslip_target_success": 0.0,
    "bitslip_target_wrong_feature_write_rate": 0.022839506172839506,
    "closed_loop_success": 0.2857142857142857,
    "false_ask": 0.0,
    "false_frame_commit_rate": 0.01737843285462333,
    "frame_sync_accuracy": 0.9389707734945831,
    "redundant_actions": 0.703968253968254,
    "row_count": 1260,
    "same_world_success": 1.0,
    "split_closed_loop_success": {
      "same_continuous_stream": 1.0,
      "same_packet_clean": 1.0,
      "target_adversarial_decoy": 0.0,
      "target_bit_drop": 0.0,
      "target_bit_insert": 0.0,
      "target_continuous_stream": 0.0,
      "target_packet_clean": 0.0
    },
    "split_false_frame_commit_rate": {
      "same_continuous_stream": 0.0,
      "same_packet_clean": 0.0,
      "target_adversarial_decoy": 0.10374779541446208,
      "target_bit_drop": 0.0067901234567901226,
      "target_bit_insert": 0.011111111111111112,
      "target_continuous_stream": 0.0,
      "target_packet_clean": 0.0
    },
    "split_wrong_feature_write_rate": {
      "same_continuous_stream": 0.0,
      "same_packet_clean": 0.0,
      "target_adversarial_decoy": 0.21753086419753084,
      "target_bit_drop": 0.022222222222222223,
      "target_bit_insert": 0.02345679012345679,
      "target_continuous_stream": 0.0808641975308642,
      "target_packet_clean": 0.07222222222222222
    },
    "stable_target_false_frame_commit_rate": 0.03458259847148736,
    "stable_target_success": 0.0,
    "stable_target_wrong_feature_write_rate": 0.12353909465020575,
    "system": "frozen_import_pocket",
    "target_false_frame_commit_rate": 0.02432980599647266,
    "target_world_success": 0.0,
    "target_wrong_feature_write_rate": 0.08325925925925927,
    "trace_exact": 0.2857142857142857,
    "wrong_confident_answer": 0.6531746031746032,
    "wrong_feature_write_rate": 0.05947089947089947
  },
  "full_retrain_from_import": {
    "accepted_flow_write_accuracy": 0.8539682539682539,
    "answer_correct": 0.6523809523809524,
    "avg_steps": 7.192063492063492,
    "binary_ingress_accuracy": 0.7399996850592089,
    "bitslip_target_false_frame_commit_rate": 0.016528880070546738,
    "bitslip_target_success": 0.3527777777777778,
    "bitslip_target_wrong_feature_write_rate": 0.0,
    "closed_loop_success": 0.5293650793650794,
    "false_ask": 0.0,
    "false_frame_commit_rate": 0.004722537163013353,
    "frame_sync_accuracy": 0.9740592718568909,
    "redundant_actions": 0.5666666666666667,
    "row_count": 1260,
    "same_world_success": 0.0,
    "split_closed_loop_success": {
      "same_continuous_stream": 0.0,
      "same_packet_clean": 0.0,
      "target_adversarial_decoy": 1.0,
      "target_bit_drop": 0.3333333333333333,
      "target_bit_insert": 0.37222222222222223,
      "target_continuous_stream": 1.0,
      "target_packet_clean": 1.0
    },
    "split_false_frame_commit_rate": {
      "same_continuous_stream": 0.0,
      "same_packet_clean": 0.0,
      "target_adversarial_decoy": 0.0,
      "target_bit_drop": 0.015127865961199295,
      "target_bit_insert": 0.01792989417989418,
      "target_continuous_stream": 0.0,
      "target_packet_clean": 0.0
    },
    "split_wrong_feature_write_rate": {
      "same_continuous_stream": 0.07407407407407407,
      "same_packet_clean": 0.07407407407407407,
      "target_adversarial_decoy": 0.0,
      "target_bit_drop": 0.0,
      "target_bit_insert": 0.0,
      "target_continuous_stream": 0.0,
      "target_packet_clean": 0.0
    },
    "stable_target_false_frame_commit_rate": 0.0,
    "stable_target_success": 1.0,
    "stable_target_wrong_feature_write_rate": 0.0,
    "system": "full_retrain_from_import",
    "target_false_frame_commit_rate": 0.0066115520282186944,
    "target_world_success": 0.7411111111111112,
    "target_wrong_feature_write_rate": 0.0,
    "trace_exact": 0.5293650793650794,
    "wrong_confident_answer": 0.47063492063492063,
    "wrong_feature_write_rate": 0.021164021164021163
  },
  "imported_plus_small_adapter": {
    "accepted_flow_write_accuracy": 0.8539682539682539,
    "answer_correct": 0.6523809523809524,
    "avg_steps": 7.192063492063492,
    "binary_ingress_accuracy": 0.7399996850592089,
    "bitslip_target_false_frame_commit_rate": 0.016528880070546738,
    "bitslip_target_success": 0.3527777777777778,
    "bitslip_target_wrong_feature_write_rate": 0.0,
    "closed_loop_success": 0.5293650793650794,
    "false_ask": 0.0,
    "false_frame_commit_rate": 0.004722537163013353,
    "frame_sync_accuracy": 0.9740592718568909,
    "redundant_actions": 0.5666666666666667,
    "row_count": 1260,
    "same_world_success": 0.0,
    "split_closed_loop_success": {
      "same_continuous_stream": 0.0,
      "same_packet_clean": 0.0,
      "target_adversarial_decoy": 1.0,
      "target_bit_drop": 0.3333333333333333,
      "target_bit_insert": 0.37222222222222223,
      "target_continuous_stream": 1.0,
      "target_packet_clean": 1.0
    },
    "split_false_frame_commit_rate": {
      "same_continuous_stream": 0.0,
      "same_packet_clean": 0.0,
      "target_adversarial_decoy": 0.0,
      "target_bit_drop": 0.015127865961199295,
      "target_bit_insert": 0.01792989417989418,
      "target_continuous_stream": 0.0,
      "target_packet_clean": 0.0
    },
    "split_wrong_feature_write_rate": {
      "same_continuous_stream": 0.07407407407407407,
      "same_packet_clean": 0.07407407407407407,
      "target_adversarial_decoy": 0.0,
      "target_bit_drop": 0.0,
      "target_bit_insert": 0.0,
      "target_continuous_stream": 0.0,
      "target_packet_clean": 0.0
    },
    "stable_target_false_frame_commit_rate": 0.0,
    "stable_target_success": 1.0,
    "stable_target_wrong_feature_write_rate": 0.0,
    "system": "imported_plus_small_adapter",
    "target_false_frame_commit_rate": 0.0066115520282186944,
    "target_world_success": 0.7411111111111112,
    "target_wrong_feature_write_rate": 0.0,
    "trace_exact": 0.5293650793650794,
    "wrong_confident_answer": 0.47063492063492063,
    "wrong_feature_write_rate": 0.021164021164021163
  },
  "oracle_invalid_control": {
    "accepted_flow_write_accuracy": 1.0,
    "answer_correct": 1.0,
    "avg_steps": 4.0,
    "binary_ingress_accuracy": 1.0,
    "bitslip_target_false_frame_commit_rate": 0.0,
    "bitslip_target_success": 1.0,
    "bitslip_target_wrong_feature_write_rate": 0.0,
    "closed_loop_success": 1.0,
    "false_ask": 0.0,
    "false_frame_commit_rate": 0.0,
    "frame_sync_accuracy": 1.0,
    "redundant_actions": 0.0,
    "row_count": 1260,
    "same_world_success": 1.0,
    "split_closed_loop_success": {
      "same_continuous_stream": 1.0,
      "same_packet_clean": 1.0,
      "target_adversarial_decoy": 1.0,
      "target_bit_drop": 1.0,
      "target_bit_insert": 1.0,
      "target_continuous_stream": 1.0,
      "target_packet_clean": 1.0
    },
    "split_false_frame_commit_rate": {
      "same_continuous_stream": 0.0,
      "same_packet_clean": 0.0,
      "target_adversarial_decoy": 0.0,
      "target_bit_drop": 0.0,
      "target_bit_insert": 0.0,
      "target_continuous_stream": 0.0,
      "target_packet_clean": 0.0
    },
    "split_wrong_feature_write_rate": {
      "same_continuous_stream": 0.0,
      "same_packet_clean": 0.0,
      "target_adversarial_decoy": 0.0,
      "target_bit_drop": 0.0,
      "target_bit_insert": 0.0,
      "target_continuous_stream": 0.0,
      "target_packet_clean": 0.0
    },
    "stable_target_false_frame_commit_rate": 0.0,
    "stable_target_success": 1.0,
    "stable_target_wrong_feature_write_rate": 0.0,
    "system": "oracle_invalid_control",
    "target_false_frame_commit_rate": 0.0,
    "target_world_success": 1.0,
    "target_wrong_feature_write_rate": 0.0,