{
  "task": "grid3_reflect_h_bit_6",
  "activation": "c19",
  "neurons": [
    {
      "parents": [
        6,
        7,
        8
      ],
      "weights": [
        -1,
        -1,
        1
      ],
      "threshold": 0,
      "c": 3.0,
      "rho": 1.0,
      "lut": [
        0.0,
        -0.5185185185185186,
        -0.5185185185185185,
        0.0,
        0.8148148148148149,
        0.8148148148148149,
        0.0
      ],
      "lut_min_dot": -3,
      "alpha": 0.5229842775913436
    }
  ]
}