{
  "config_name": "1beings_64d_2layers_traindat",
  "timestamp": "2026-02-21 00:36:21",
  "total_steps": 15,
  "final_loss": 0.9096983671188354,
  "final_bit_acc": 0.4625000059604645,
  "final_oracle": 0.4625000059604645
}