{
  "feature_bias": [
    -0.1297709882785883,
    0.313283737775078,
    0.15198526737974222,
    0.3448520711391237,
    -0.21024346758564993,
    -0.12353929284198119,
    -0.18876300392306442,
    0.2132287763071707,
    0.23701245880980848,
    0.1265442485437013
  ],
  "w_balance": 0.31579364352048234,
  "w_cost": -0.08033737199463584,
  "w_gain": 0.17439856876025883,
  "w_parity": 0.4778573997686407,
  "w_rumor_penalty": -0.08130422771026087,
  "w_sync": 0.48414203050302673,
  "w_trust": 0.04730893035978049,
  "w_unknown": -0.3874442612159515
}
