{
  "config": {
    "embedding_dim": 32,
    "depth": 2,
    "num_beings": 10,
    "parameters": 2588
  },
  "final": {
    "overall_acc": 0.05999999865889549,
    "add_acc": 0.0,
    "and_acc": 0.17391304671764374,
    "or_acc": 0.0,
    "xor_acc": 0.07999999821186066,
    "jump_gate": 0.42675000071758407,
    "pointer_spread": 14.410639378759598,
    "output_disagreement": 0.023520792135968804,
    "best_overall": 0.05999999865889549
  },
  "convergence": {
    "add": -1,
    "and": -1,
    "or": -1,
    "xor": -1
  },
  "training_time": 0.9758403301239014,
  "passed": false
}