{
  "task": "grid3_copy_bit_5",
  "activation": "c19",
  "neurons": [
    {
      "parents": [
        1,
        5,
        6
      ],
      "weights": [
        -1,
        1,
        -1
      ],
      "threshold": 0,
      "c": 3.0,
      "rho": 2.0,
      "lut": [
        0.0,
        -0.3703703703703704,
        -0.37037037037037035,
        0.0,
        0.962962962962963,
        0.962962962962963,
        0.0
      ],
      "lut_min_dot": -3,
      "alpha": 0.34282825441539344
    },
    {
      "parents": [
        5,
        6,
        9
      ],
      "weights": [
        -1,
        -1,
        -1
      ],
      "threshold": 0,
      "c": 1.5,
      "rho": 0.0,
      "lut": [
        0.0,
        0.3333333333333333,
        -0.33333333333333337,
        0.0,
        0.33333333333333337,
        -0.3333333333333333,
        0.0
      ],
      "lut_min_dot": -3,
      "alpha": 0.7975486932865208
    }
  ]
}